act_bits,w_bits,loss,acc,prec,rec,f1
8,float,0.13787354643528277,0.9466989703210176,0.9501385041551247,0.8305084745762712,0.8863049095607235
6,float,0.13730222559892213,0.9466989703210176,0.9476584022038568,0.8329297820823245,0.88659793814433
4,float,0.19910856049794418,0.9345850999394306,0.8746928746928747,0.8619854721549637,0.8682926829268293
3,float,0.613740875170781,0.8128407026044822,0.6870503597122302,0.46246973365617433,0.552821997105644
